,id,mag,date,time,lat,lon,dep,comcat_id
0,9529537,3.39,2000/01/21,04:40:01,36.97017,-118.553,0.0,ci9529537
1,9533253,3.11,2000/02/23,09:18:48,32.23283,-115.046,54.49,
2,9542957,3.63,2000/04/10,01:33:39,34.96317,-116.40733,10.79,
3,9543473,3.3,2000/04/14,00:36:43,37.89433,-116.673,0.02,
4,9545893,4.0,2000/05/02,06:46:11,32.2,-115.01,0.01,ci9149213
5,9545901,3.69,2000/05/02,07:06:27,32.22483,-115.0735,0.02,ci9149163
6,9521994,3.4,2000/05/02,07:24:29,32.18583,-115.104,6.0,ci9149167
7,9545909,3.23,2000/05/02,07:24:29,32.21133,-115.078,6.01,ci9149167
8,9545961,3.24,2000/05/02,13:03:38,32.21783,-115.02167,6.0,ci9149167
9,9546149,3.06,2000/05/04,06:26:32,31.9825,-114.9945,0.56,
10,9547077,3.41,2000/05/12,16:13:15,33.24117,-115.0095,28.9,
11,9553549,3.34,2000/07/03,10:08:00,31.57467,-115.81333,3.31,
12,9554517,3.31,2000/07/11,01:38:50,34.8665,-118.8905,0.0,
13,9554513,3.24,2000/07/11,01:38:50,36.09033,-117.9575,0.0,
14,9557745,3.41,2000/08/10,14:15:12,35.4085,-121.10367,0.06,
15,9560197,5.2,2000/09/03,08:36:30,38.4,-122.4,10.0,nc21123384
16,9560045,3.96,2000/09/03,08:37:08,37.9665,-119.2265,0.0,ci9560045
17,9562481,3.45,2000/09/09,19:12:14,36.60767,-116.31167,7.05,
18,9566421,3.01,2000/09/20,21:29:46,31.85667,-116.22583,0.0,
19,9567033,3.38,2000/09/21,18:08:55,36.03117,-120.52,0.01,
20,9570961,3.82,2000/09/26,07:20:50,37.57133,-118.88167,0.0,ci9570961
21,9584197,3.82,2000/10/14,04:53:31,37.31817,-117.14283,6.77,nn00017645
22,9600953,3.6,2000/12/04,14:44:39,32.15383,-115.07733,7.0,
23,11012188,3.26,2000/12/05,21:18:47,36.083,-117.909,4.6,usp000a5jn
24,9605445,3.19,2000/12/19,02:21:23,32.08317,-116.31734,0.0,ci7210456
25,9605901,3.01,2000/12/21,04:57:19,37.71,-119.44434,0.0,
26,9606793,3.07,2000/12/24,20:52:56,36.85333,-117.1425,0.0,
27,9607761,3.28,2000/12/29,02:45:15,37.31783,-118.361,0.0,
28,9609401,3.04,2001/01/04,09:54:36,31.999,-116.087,6.0,ci9609401
29,9610589,3.2,2001/01/07,07:19:23,32.31133,-114.9235,6.0,ci9610589
30,9611657,3.74,2001/01/09,19:09:18,31.946,-114.823,6.0,ci9611657
31,9173090,3.09,2001/01/11,12:10:08,31.904,-114.765,6.0,ci9173071
32,9173098,3.12,2001/01/11,12:47:11,31.315,-115.816,6.0,ci9173098
33,9613069,3.58,2001/01/13,17:40:05,35.04417,-117.6415,0.0,
34,9613261,4.05,2001/01/14,02:50:54,34.289,-118.403,8.44,ci9173365
35,9173533,3.17,2001/01/16,12:29:16,31.952,-114.757,6.0,ci9173533
36,9613829,4.38,2001/01/17,01:26:34,31.86267,-114.63317,27.3,ci9613829
37,7212430,3.21,2001/01/17,04:13:04,32.448,-113.719,6.0,ci7212430
38,9613901,3.36,2001/01/17,04:47:21,31.927,-114.729,6.0,ci9173533
39,9613949,3.67,2001/01/17,09:33:31,31.909,-114.78,6.0,ci9613949
40,9613957,3.04,2001/01/17,09:51:58,31.89,-114.705,6.0,ci9173533
41,9613961,3.14,2001/01/17,10:10:05,31.902,-114.746,6.0,ci9173533
42,9173698,3.28,2001/01/18,10:23:08,31.914,-114.787,6.0,ci9173621
43,9614449,3.83,2001/01/18,15:12:47,36.95033,-118.503,7.1,ci9614449
44,9619349,3.16,2001/01/28,21:27:08,31.946,-116.295,6.0,ci9619349
45,9622353,3.21,2001/02/02,11:19:41,37.287,-118.599,6.84,nc21145844
46,9623517,3.06,2001/02/04,03:29:05,36.09717,-115.365,7.0,nn00023590
47,9624197,3.44,2001/02/05,11:54:20,32.395,-117.589,25.62,ci9624197
48,9624761,3.45,2001/02/06,13:46:09,31.75117,-116.01067,4.97,ci9624761
49,9624837,3.42,2001/02/06,14:17:07,31.92733,-115.84483,7.01,ci9624837
50,9625229,3.1,2001/02/07,13:59:45,36.59,-120.51083,2.66,
51,9627557,3.89,2001/02/10,17:50:22,33.81517,-116.14633,8.25,ci9627557
52,9627721,5.13,2001/02/10,21:05:06,34.2895,-116.94583,9.12,
53,9627809,3.03,2001/02/10,21:35:09,34.302,-116.93133,6.39,ci9627073
54,9627873,3.22,2001/02/10,23:34:16,34.28383,-116.94667,6.92,ci9627809
55,9627953,4.22,2001/02/11,00:39:16,34.2875,-116.94183,8.12,ci9627953
56,9628313,3.19,2001/02/11,07:14:40,34.29333,-116.93667,5.22,ci9627809
57,9628369,3.08,2001/02/11,10:41:16,34.29517,-116.9395,5.75,ci9627789
58,9628901,3.47,2001/02/13,03:04:36,34.28867,-116.94183,6.21,ci9628901
59,9628933,3.56,2001/02/13,06:11:48,34.2775,-116.9425,6.23,ci9628901
60,9629061,3.43,2001/02/13,20:22:58,31.564,-116.86067,0.07,ci9629061
61,9629261,3.14,2001/02/14,19:25:04,34.30067,-116.93617,5.0,ci9629125
62,9630113,3.29,2001/02/18,06:09:32,33.67467,-116.80883,16.66,ci9630113
63,9630517,3.06,2001/02/20,10:36:48,33.7085,-116.77567,16.41,ci9630517
64,9631385,3.8,2001/02/24,06:10:00,35.112,-117.525,3.63,ci9631385
65,9631733,3.26,2001/02/25,23:18:51,36.68317,-119.43317,0.0,ci9631733
66,9631745,3.26,2001/02/26,00:11:30,34.70733,-116.30067,5.07,ci9631745
67,9632925,3.06,2001/03/02,17:38:06,34.33933,-117.44683,14.14,ci9632925
68,9633201,3.18,2001/03/04,07:16:52,34.02517,-117.00333,11.53,ci9633201
69,9633361,3.13,2001/03/05,19:00:35,33.37483,-116.30933,13.99,ci9633361
70,9633589,3.4,2001/03/06,20:34:24,31.85033,-115.88067,24.84,ci9633589
71,9634469,3.06,2001/03/11,12:10:53,36.35283,-117.44233,5.6,ci9634469
72,9634937,3.19,2001/03/14,01:19:42,34.64667,-116.29417,5.6,ci9634937
73,9635401,3.3,2001/03/17,02:55:53,36.96967,-118.52283,5.41,
74,9635469,3.1,2001/03/17,11:12:16,32.94167,-119.11517,7.01,ci9635469
75,9635709,3.45,2001/03/17,22:04:21,35.77233,-118.03433,4.12,ci9635709
76,9636997,3.03,2001/03/22,07:10:01,36.04433,-117.67783,2.85,ci9636997
77,9638417,3.05,2001/03/24,09:06:58,34.80683,-116.27217,5.0,ci9638417
78,9639729,3.35,2001/03/25,00:41:25,34.04767,-117.5705,7.53,ci9639729
79,9641025,3.21,2001/03/29,15:54:35,34.69117,-116.30767,5.54,ci9641025
80,9641549,3.19,2001/03/31,17:56:42,31.77917,-116.02733,5.13,ci9641549
81,9641857,3.47,2001/04/02,10:19:53,33.24033,-116.25533,9.26,ci9641857
82,9642449,3.16,2001/04/05,20:28:32,33.8715,-117.02417,13.34,ci9642449
83,9642941,3.75,2001/04/08,01:25:29,36.01733,-117.81167,3.61,ci9642941
84,9643353,3.06,2001/04/10,00:00:58,36.04467,-117.675,2.03,ci9643353
85,9643369,3.17,2001/04/10,01:47:42,34.53633,-116.26683,5.6,ci9643369
86,9643685,3.07,2001/04/11,19:53:58,36.37983,-117.82883,5.6,ci9643685
87,9643697,3.09,2001/04/11,23:55:47,36.36783,-117.84467,5.27,ci9643685
88,9643705,3.08,2001/04/12,00:21:01,35.98333,-118.333,5.6,ci9643701
89,9644037,3.59,2001/04/13,02:48:44,35.93967,-120.53,6.99,nc21157989
90,9644101,3.64,2001/04/13,11:50:12,33.87767,-117.68817,3.59,ci9644101
91,9644105,3.08,2001/04/13,11:54:51,34.04783,-117.10617,5.93,ci9644105
92,9644281,3.03,2001/04/14,05:47:37,33.201,-115.59383,2.52,ci9644281
93,9644345,3.77,2001/04/14,14:51:23,35.98933,-118.33117,5.6,ci9644345
94,9644349,3.03,2001/04/14,14:54:00,35.98967,-118.3325,5.6,ci9644349
95,9644497,3.04,2001/04/14,16:25:16,35.9865,-118.33117,5.6,ci9644349
96,9645193,3.01,2001/04/17,08:49:07,35.99133,-118.3395,5.6,ci9645193
97,9645677,3.14,2001/04/19,02:20:25,36.329,-118.34783,5.6,ci9645677
98,9645749,3.24,2001/04/19,09:02:40,34.70933,-118.71533,14.03,ci9645749
99,9645945,3.4,2001/04/20,09:52:12,33.7045,-116.77617,16.89,ci9645945
100,9646589,3.51,2001/04/23,16:33:49,36.02483,-117.88267,4.77,ci9646589
101,9646629,3.23,2001/04/23,16:44:11,36.0255,-117.89533,3.56,ci9646589
102,9646797,3.3,2001/04/23,19:59:53,36.02583,-117.88833,3.78,ci9646589
103,9647261,3.1,2001/04/24,11:57:00,36.03033,-119.89333,0.0,nc21160018
104,9647549,3.26,2001/04/25,01:13:43,34.64783,-116.27967,5.84,ci9647549
105,9649797,3.03,2001/05/04,08:22:14,37.54983,-118.83167,6.18,nc21161937
106,9652545,3.84,2001/05/14,17:13:30,34.22617,-117.43967,8.73,ci9652545
107,9652661,3.71,2001/05/15,02:39:48,35.73467,-121.55017,7.01,
108,9653261,3.02,2001/05/17,19:49:47,35.79883,-118.04467,8.03,ci9653261
109,9653293,3.57,2001/05/17,20:47:59,35.7985,-118.03983,5.6,ci9653293
110,9653349,4.25,2001/05/17,21:53:46,35.799,-118.04367,8.74,ci9653349
111,9653493,4.1,2001/05/17,22:56:46,35.796,-118.04617,8.44,ci9653349
112,9653565,3.15,2001/05/17,23:23:38,35.794,-118.04867,9.13,ci9653261
113,10856059,3.14,2001/05/18,01:24:25,35.79817,-118.045,7.79,ci9653261
114,9653733,3.03,2001/05/18,02:27:56,35.80217,-118.0445,9.2,ci9653261
115,9654117,3.19,2001/05/19,02:06:16,31.79017,-116.22267,6.88,ci9654117
116,9655209,3.78,2001/05/23,19:10:35,34.02383,-116.75717,14.38,ci9655209
117,9655873,3.09,2001/05/26,00:37:10,33.99767,-116.56067,11.87,ci9655873
118,9656105,3.12,2001/05/26,18:59:04,37.9855,-118.765,7.05,
119,9656201,3.37,2001/05/27,01:29:52,31.81683,-116.2915,6.0,ci9656201
120,9657029,3.17,2001/05/29,01:09:56,37.0415,-117.72283,6.92,ci9657029
121,9658681,3.15,2001/06/05,09:38:46,33.67767,-116.76033,16.35,ci9658681
122,9659133,3.06,2001/06/07,18:28:30,33.03167,-115.59483,12.4,ci9659133
123,9659389,3.12,2001/06/08,23:15:28,34.56867,-116.23133,7.0,ci9659389
124,9659437,3.16,2001/06/09,02:34:01,34.22567,-117.46417,14.77,ci9659437
125,9659661,3.01,2001/06/10,04:23:33,36.0295,-117.88583,3.21,ci9659661
126,9660205,3.07,2001/06/12,12:08:24,33.6875,-116.81633,15.27,ci9660205
127,9660449,3.35,2001/06/13,07:44:14,32.72933,-115.41383,16.96,ci9660449
128,9662197,3.07,2001/06/17,10:57:29,37.393,-117.275,7.0,ci9662197
129,9663085,3.07,2001/06/19,03:56:37,32.33517,-115.22583,7.01,ci9663085
130,9664317,3.01,2001/06/20,22:30:44,35.799,-118.04133,7.18,ci9664317
131,11614608,3.19,2001/06/23,11:40:17,31.813,-116.242,0.67,ci11614608
132,9666401,3.3,2001/07/01,05:14:39,36.09833,-118.40033,10.46,ci9666401
133,9666905,3.92,2001/07/03,11:40:48,34.2635,-116.76417,3.3,ci9666905
134,9666909,3.02,2001/07/03,11:43:14,34.26283,-116.7665,4.32,ci9666909
135,9671933,3.6,2001/07/14,17:30:29,36.03033,-117.87783,2.68,ci9671933
136,10964587,3.8,2001/07/14,17:30:40,36.02283,-117.87083,3.74,ci9671933
137,9671937,3.91,2001/07/14,17:32:49,36.02667,-117.874,3.65,ci10964587
138,9672013,3.36,2001/07/14,17:55:45,36.026,-117.87517,3.32,ci9671933
139,9673237,3.02,2001/07/16,03:21:40,33.46183,-116.41683,14.61,ci9673237
140,9673461,3.02,2001/07/16,13:05:06,36.0215,-117.87283,3.47,ci9673005
141,9673577,3.5,2001/07/16,15:55:28,36.01783,-117.87767,2.88,ci9673577
142,9673581,3.18,2001/07/16,15:57:15,36.00967,-117.879,3.43,ci9673417
143,10968851,3.18,2001/07/16,15:57:23,36.00983,-117.88567,2.3,ci9673417
144,9674049,5.1,2001/07/17,12:07:26,36.01633,-117.87433,2.97,ci9674049
145,9674069,3.06,2001/07/17,12:16:28,36.03517,-117.87517,4.59,ci9673461
146,10970835,3.6,2001/07/17,12:22:20,36.02567,-117.881,1.93,ci9673577
147,9674093,3.75,2001/07/17,12:22:29,36.02683,-117.865,5.49,ci9673577
148,9674097,4.07,2001/07/17,12:25:19,36.043,-117.87217,5.6,ci10970835
149,10970503,3.1,2001/07/17,12:26:00,36.006,-117.89233,0.14,ci9673461
150,9674141,3.16,2001/07/17,12:36:38,36.03033,-117.88483,3.12,ci9673461
151,9674205,3.69,2001/07/17,12:56:31,36.0285,-117.88283,2.72,ci9673577
152,9674213,4.65,2001/07/17,12:59:59,36.017,-117.88233,0.4,ci9674213
153,9674653,3.68,2001/07/17,14:59:50,36.0325,-117.8835,2.61,ci9673577
154,9675181,3.27,2001/07/17,17:30:58,35.9985,-117.8715,5.31,ci9673737
155,9678997,3.48,2001/07/19,10:56:25,36.01383,-117.87517,3.15,ci9678997
156,9679285,3.25,2001/07/19,15:01:08,35.99567,-117.86767,3.36,ci9678997
157,9679573,3.15,2001/07/19,19:07:35,36.0095,-117.8755,4.74,ci9678081
158,10972299,3.79,2001/07/19,20:42:37,34.2655,-117.46417,10.91,ci10972299
159,10976071,3.46,2001/07/20,01:04:01,35.99733,-117.87517,3.95,ci9678997
160,10980179,3.05,2001/07/20,05:53:05,36.0065,-117.8765,5.21,ci9678845
161,10992159,4.43,2001/07/20,12:53:08,35.995,-117.87717,3.42,ci10992159
162,10992311,3.13,2001/07/20,14:40:15,35.99333,-117.87467,3.6,ci9679285
163,11464055,3.4,2001/07/21,11:15:36,35.98817,-117.87333,3.06,ci10992311
164,9682377,3.14,2001/07/21,19:57:53,32.70967,-116.06367,0.03,ci9682377
165,9682457,3.09,2001/07/21,22:07:02,35.99233,-117.87667,4.19,ci11488055
166,9682745,3.02,2001/07/22,08:13:58,34.2875,-116.98783,8.3,ci9682745
167,9683913,3.7,2001/07/23,21:02:47,35.99,-117.879,3.99,ci9683913
168,11671240,3.25,2001/07/24,08:54:51,35.98217,-117.86867,3.11,ci11671240
169,11671476,3.29,2001/07/24,13:43:18,35.98333,-117.86133,1.36,ci11671240
170,11671908,3.04,2001/07/25,01:19:26,31.66717,-116.09667,0.3,ci11671908
171,9686289,3.07,2001/07/27,17:53:19,36.0605,-117.87417,2.1,ci11674744
172,9686565,4.01,2001/07/28,01:09:29,36.05817,-117.8715,1.66,ci9686565
173,9686897,3.12,2001/07/28,09:41:29,36.05017,-117.8775,2.85,ci9686289
174,9688025,3.66,2001/07/30,23:34:18,36.04867,-117.88283,2.75,ci9688025
175,9688073,3.49,2001/07/31,00:47:35,36.05117,-117.8835,3.09,ci9688025
176,9688281,3.26,2001/07/31,09:08:27,36.0275,-117.884,3.77,ci9688073
177,9688709,3.62,2001/08/01,03:05:16,35.98933,-117.87817,3.48,ci9688709
178,9689049,3.21,2001/08/01,11:47:03,31.67583,-116.0025,1.41,ci9689049
179,9689253,3.06,2001/08/01,21:31:43,36.062,-117.89667,1.69,ci9689253
180,9689717,3.67,2001/08/02,16:21:19,37.2195,-117.79133,10.06,ci9689717
181,9690797,3.16,2001/08/04,19:05:55,35.7305,-118.48233,4.92,ci9690797
182,9692049,3.47,2001/08/07,16:52:54,32.10567,-116.4235,7.0,ci9692049
183,9692689,3.03,2001/08/09,01:13:07,32.76783,-118.2055,7.0,ci9692689
184,9693369,3.3,2001/08/10,20:20:28,36.08433,-118.50367,31.07,
185,9693565,3.82,2001/08/11,12:01:44,39.171,-120.93417,7.0,
186,9693829,3.35,2001/08/12,08:57:30,31.94417,-117.3095,7.01,ci9693829
187,9693833,3.41,2001/08/12,08:57:48,32.48933,-116.29817,9.91,ci9693833
188,9693913,3.39,2001/08/12,14:13:14,31.96817,-117.32583,7.01,ci9693829
189,9694241,3.39,2001/08/13,14:06:09,35.5345,-121.21817,5.53,
190,9695397,4.36,2001/08/16,18:04:34,32.7595,-118.28817,6.94,ci9695397
191,9695445,3.26,2001/08/16,20:04:19,32.76017,-118.321,26.28,ci9695445
192,9695457,3.06,2001/08/16,20:37:00,32.7275,-118.393,31.39,
193,9695549,4.17,2001/08/16,22:06:28,32.7335,-118.33417,25.22,ci9695397
194,9696429,3.22,2001/08/20,01:26:32,34.63633,-116.3145,5.6,ci9696429
195,9696461,3.05,2001/08/20,07:34:23,34.0435,-117.25017,15.68,ci9696461
196,9697153,3.12,2001/08/22,13:06:26,34.59517,-116.27067,5.6,ci9697153
197,9697481,3.06,2001/08/23,11:25:40,36.04717,-117.87217,2.99,ci9697481
198,9698857,3.39,2001/08/28,21:30:12,33.647,-116.74183,14.1,ci9698857
199,9700049,3.49,2001/09/01,23:05:59,33.37167,-116.41667,9.59,ci9700049
200,9700217,3.38,2001/09/02,14:11:12,36.23783,-120.22867,6.99,nc21192272
201,9700593,3.11,2001/09/03,09:55:34,33.37667,-116.4195,11.23,ci9700397
202,9700605,3.16,2001/09/03,11:22:04,31.27067,-116.4265,0.22,usp000anjg
203,9700609,3.12,2001/09/03,11:22:05,31.328,-116.44933,0.22,usp000anjg
204,9703061,3.08,2001/09/08,04:25:14,34.27617,-117.49983,13.7,ci9703061
205,9703873,4.24,2001/09/09,23:59:18,34.059,-118.3885,7.9,ci9703873
206,9704437,3.04,2001/09/10,17:40:09,33.45183,-116.63,9.22,ci9704437
207,9706897,3.1,2001/09/17,01:14:49,33.9225,-117.77383,11.83,ci9706897
208,9707757,3.17,2001/09/20,23:43:24,32.9255,-117.77033,7.0,ci9707757
209,9708393,3.01,2001/09/23,22:44:33,33.50867,-116.51317,15.1,ci9708393
210,9708729,3.07,2001/09/25,11:35:14,36.08783,-117.8935,0.09,ci9708729
211,9708813,3.03,2001/09/25,18:34:09,36.44283,-117.86517,5.68,ci9708813
212,9709105,3.24,2001/09/26,17:52:11,36.21833,-120.25983,12.91,nc21196276
213,9709553,3.08,2001/09/29,06:51:06,34.04833,-116.77033,13.71,ci9709553
214,9709589,3.01,2001/09/29,11:50:01,34.9895,-119.45783,15.14,ci9709589
215,9709753,3.09,2001/09/30,08:09:17,31.98533,-115.823,6.99,ci9709753
216,9712073,3.25,2001/10/09,15:30:54,33.99633,-120.0695,7.0,ci9712073
217,9712905,3.36,2001/10/10,06:41:49,31.9855,-116.2625,7.02,ci9712905
218,9713157,3.07,2001/10/11,18:56:50,34.8195,-116.3535,2.95,ci9713157
219,9713401,3.06,2001/10/12,16:08:40,33.50133,-116.5205,12.6,ci9713401
220,9713697,3.11,2001/10/14,01:00:29,31.95567,-116.31833,7.01,ci9713697
221,9714385,3.26,2001/10/17,05:53:58,34.63933,-116.23133,3.49,ci9714385
222,11739600,3.34,2001/10/23,20:57:05,32.097,-117.40267,7.0,ci11739600
223,9716149,3.2,2001/10/25,04:43:30,31.837,-116.2405,5.6,ci9716149
224,9716177,3.09,2001/10/25,06:41:46,33.28633,-118.682,5.6,ci9716177
225,9716541,3.31,2001/10/26,21:06:30,32.6705,-116.10267,17.23,
226,9716853,3.98,2001/10/28,16:27:46,33.922,-118.27017,21.13,ci9716853
227,11743612,3.44,2001/10/30,12:58:33,34.3515,-116.4715,9.39,ci11743612
228,9717965,3.08,2001/10/31,02:17:07,32.60983,-116.15483,7.58,ci9717965
229,9718013,5.09,2001/10/31,07:56:17,33.50833,-116.51433,15.22,ci9718013
230,9720205,3.27,2001/11/03,19:53:57,34.16167,-116.43417,9.59,ci9720205
231,9720229,3.03,2001/11/03,20:37:54,34.1545,-116.43367,5.4,ci9720205
232,9721857,3.01,2001/11/10,11:05:35,32.37783,-115.3725,7.01,ci9721857
233,9722481,3.03,2001/11/13,16:03:43,33.32533,-115.6915,6.28,ci9722481
234,9722489,3.24,2001/11/13,16:08:37,33.31767,-115.698,3.94,ci9722481
235,9722529,3.44,2001/11/13,16:45:05,33.311,-115.70383,3.6,ci9722489
236,9722577,3.14,2001/11/13,18:57:08,33.30733,-115.71133,3.79,ci9722481
237,9722633,4.11,2001/11/13,20:43:15,33.31717,-115.70017,5.5,ci9722633
238,9722637,3.22,2001/11/13,20:46:40,33.30583,-115.7215,2.62,ci9722481
239,9722669,3.18,2001/11/13,21:00:40,33.31167,-115.70567,3.64,ci9722481
240,9724801,3.23,2001/11/23,17:06:43,34.61333,-116.27817,5.6,ci9724801
241,9728853,3.18,2001/12/02,21:26:50,37.54284,-118.85384,3.73,nc21204529
242,9729017,3.11,2001/12/03,00:50:08,37.39217,-118.62617,0.22,
243,9731517,3.38,2001/12/07,20:47:50,34.4095,-116.4655,8.71,ci9731517
244,9732601,5.1,2001/12/08,23:36:10,31.99767,-115.00167,7.0,ci9732973
245,9732661,3.24,2001/12/08,23:51:20,31.98233,-114.94717,6.99,ci9732661
246,9732665,3.18,2001/12/08,23:56:10,32.0475,-114.81467,84.43,ci9732665
247,9732745,3.4,2001/12/09,00:06:45,32.07833,-114.94767,7.0,ci9732661
248,9732973,4.89,2001/12/09,01:42:26,32.0035,-115.01,7.06,ci9732973
249,9733233,3.19,2001/12/09,11:07:13,32.0835,-114.9785,7.0,ci9732665
250,9733897,3.14,2001/12/11,09:23:44,32.0925,-114.9785,7.0,ci9733897
251,9734033,3.62,2001/12/11,21:40:35,34.10783,-116.72333,9.27,ci9734033
252,9734797,3.05,2001/12/13,17:16:45,36.00967,-117.8775,3.29,ci9734797
253,9735129,3.97,2001/12/14,12:01:36,33.9545,-117.74633,13.83,ci9735129
254,9737445,3.02,2001/12/18,16:24:40,31.9835,-117.35067,7.0,ci9737445
255,9737457,3.05,2001/12/18,17:46:09,36.9325,-120.98683,6.99,ci9737457
256,9737805,3.31,2001/12/20,08:25:17,36.08,-120.09184,0.0,
257,9737857,3.37,2001/12/20,16:04:08,32.00117,-117.38183,7.0,ci9737857
258,9738165,3.37,2001/12/21,23:28:31,31.99,-117.389,11.11,ci9738165
259,9740977,3.14,2001/12/29,07:40:03,32.07833,-115.0025,6.99,ci9740977
260,9741073,3.16,2001/12/29,18:13:30,35.85483,-120.47233,6.99,
261,9741665,3.37,2001/12/31,05:06:29,31.7875,-116.25333,0.04,ci9741665
262,9742149,3.03,2002/01/01,21:23:58,33.2645,-116.14183,5.54,ci9742149
263,9742277,4.21,2002/01/02,12:11:29,33.37933,-116.4345,12.58,ci9742277
264,9743989,3.51,2002/01/04,19:29:30,32.40817,-115.105,7.0,ci9743989
265,9744005,3.26,2002/01/04,19:38:08,32.429,-115.084,7.01,ci9743989
266,9744041,3.03,2002/01/04,20:21:21,32.418,-115.07783,7.0,ci9743945
267,9744097,3.01,2002/01/04,21:48:56,32.424,-115.09917,7.0,ci9743945
268,9744101,3.44,2002/01/04,21:52:21,32.38767,-115.04,7.0,ci9743989
269,9744193,3.41,2002/01/04,22:58:44,32.39733,-115.02783,7.0,ci9743989
270,9744197,3.18,2002/01/04,23:02:40,32.5395,-115.087,7.03,ci9744197
271,9744377,3.48,2002/01/05,02:28:00,32.37967,-115.0285,7.0,ci9743989
272,9744393,3.32,2002/01/05,04:00:04,32.35583,-115.01267,7.02,ci9743989
273,9744405,3.16,2002/01/05,04:19:05,32.3125,-114.995,7.01,ci9744101
274,9744409,3.58,2002/01/05,04:24:13,32.39417,-115.03217,7.0,ci9743989
275,9744413,3.22,2002/01/05,04:32:08,32.37383,-115.03333,7.0,ci9743989
276,9744417,3.03,2002/01/05,04:39:00,32.35533,-115.01017,7.04,ci9743945
277,9744421,3.41,2002/01/05,04:44:28,32.3395,-114.99033,7.0,ci9744005
278,9744473,3.2,2002/01/05,08:48:42,32.39983,-115.04383,7.0,ci9744005
279,9744477,3.18,2002/01/05,08:51:31,32.306,-114.9685,7.02,ci9744101
280,9504422,3.08,2002/01/06,00:38:17,32.41883,-115.0745,7.0,ci9744393
281,9744877,3.25,2002/01/06,00:43:56,32.29633,-115.0375,7.12,ci9744377
282,9744905,3.43,2002/01/06,01:25:11,32.3785,-115.055,7.0,ci9744377
283,9504418,3.47,2002/01/06,01:25:38,32.413,-115.06617,7.0,ci9744377
284,9745753,3.15,2002/01/07,03:22:03,34.462,-116.48267,3.9,ci9745753
285,9747397,3.11,2002/01/11,23:40:53,32.38167,-115.07017,7.01,ci9747073
286,9747849,3.14,2002/01/12,17:44:41,32.314,-115.023,7.01,ci9747397
287,9748061,3.01,2002/01/13,13:10:05,32.40383,-115.093,7.0,ci9747849
288,9748381,3.29,2002/01/14,05:33:59,32.419,-115.10267,7.01,ci9748061
289,9749669,3.47,2002/01/18,09:23:50,32.41033,-115.09567,7.0,ci9749669
290,9750141,4.19,2002/01/19,23:44:29,31.04883,-115.38733,6.71,
291,9751769,3.3,2002/01/22,08:39:31,34.54233,-118.97683,21.96,ci9751769
292,12311476,3.12,2002/01/27,07:01:14,36.052,-119.79933,7.01,nc21210477
293,12319564,3.04,2002/01/28,16:30:17,36.04383,-117.87717,3.34,ci12319564
294,9753481,3.09,2002/01/29,05:53:08,34.354,-118.65083,12.97,ci9753481
295,9753485,4.18,2002/01/29,05:53:29,34.36133,-118.65717,14.15,ci9753485
296,9753489,3.9,2002/01/29,06:00:40,34.3705,-118.66783,14.21,ci9753485
297,9753497,3.8,2002/01/29,06:08:02,34.36533,-118.66433,14.45,ci9753489
298,9753949,3.59,2002/01/29,20:23:07,34.36283,-118.66683,12.6,ci9753497
299,9753965,3.07,2002/01/29,20:27:27,34.3675,-118.66133,13.06,ci9753481
300,9755013,3.47,2002/01/30,18:47:57,34.36617,-118.66067,12.77,ci9753949
301,12415448,3.58,2002/02/04,04:39:10,33.04667,-116.44017,16.11,ci12415448
302,9758113,3.38,2002/02/07,05:29:32,34.10817,-116.70533,7.36,ci9758113
303,12447436,3.67,2002/02/09,02:42:20,32.30067,-117.704,7.0,ci12447436
304,12455464,3.04,2002/02/18,23:05:34,32.28417,-115.27383,6.0,ci12455464
305,12455484,3.27,2002/02/19,00:30:40,32.2595,-115.24817,7.01,ci12455464
306,12455556,3.01,2002/02/19,07:32:24,37.39433,-117.06867,5.08,nn00044711
307,12456160,3.16,2002/02/21,18:27:26,32.565,-115.77483,5.6,ci12456160
308,12456384,5.7,2002/02/22,19:32:42,32.31883,-115.3215,7.0,ci12456384
309,12456388,3.37,2002/02/22,19:42:34,32.32467,-115.32017,7.01,ci12456388
310,12456400,3.24,2002/02/22,19:45:51,32.37217,-115.31667,6.99,ci12456388
311,12456396,3.14,2002/02/22,19:47:59,32.30083,-115.313,7.0,ci12456388
312,12456404,3.04,2002/02/22,19:49:19,32.29683,-115.31367,7.0,ci12456400
313,12456408,3.17,2002/02/22,19:50:09,32.3175,-115.30233,7.0,ci12456388
314,12456420,3.12,2002/02/22,19:55:19,32.29133,-115.32217,7.0,ci12456388
315,12456448,3.19,2002/02/22,20:09:54,32.31583,-115.31917,7.0,ci12456388
316,12456460,3.52,2002/02/22,20:20:00,32.3065,-115.32017,7.02,ci12456388
317,12456476,4.13,2002/02/22,20:33:49,32.30433,-115.33317,7.02,ci12456476
318,12456480,3.05,2002/02/22,20:39:28,32.3245,-115.3215,7.01,ci12456400
319,12456548,3.04,2002/02/22,21:20:11,32.29733,-115.32333,7.0,ci12456400
320,12456560,3.19,2002/02/22,21:34:47,32.3115,-115.32283,7.01,ci12456388
321,12456696,3.59,2002/02/22,23:20:35,32.29133,-115.32883,7.01,ci12456388
322,12456700,3.19,2002/02/22,23:23:49,32.2735,-115.3115,7.0,ci12456388
323,12457084,3.36,2002/02/23,06:23:39,32.279,-115.325,7.0,ci12456388
324,12457092,3.68,2002/02/23,06:29:40,32.28617,-115.33367,7.0,ci12456460
325,12457484,3.42,2002/02/23,16:29:22,32.2725,-115.32283,7.02,ci12456388
326,12457508,3.14,2002/02/23,18:05:15,32.255,-115.3275,7.02,ci12456388
327,12457988,3.17,2002/02/24,13:11:47,32.28083,-115.33983,7.0,ci12457484
328,12458380,3.26,2002/02/25,01:28:09,33.14067,-115.62533,7.39,ci12458380
329,12458384,3.97,2002/02/25,01:29:12,32.32267,-115.30467,6.99,ci12458384
330,12458480,3.01,2002/02/25,03:42:40,32.29833,-115.32417,7.01,ci12457816
331,12458484,3.26,2002/02/25,03:45:03,32.29467,-115.33417,7.02,ci12457988
332,12458488,3.17,2002/02/25,03:49:34,32.29917,-115.326,7.0,ci12457816
333,12458580,3.32,2002/02/25,06:44:19,32.32483,-115.339,7.01,ci12457988
334,12458748,3.01,2002/02/25,14:24:58,32.46317,-115.268,7.0,ci12458744
335,12458932,3.23,2002/02/25,19:48:37,36.2445,-116.855,7.96,ci12458932
336,12459580,3.19,2002/02/27,01:18:46,32.3385,-115.32367,7.01,ci12459088
337,12467560,3.04,2002/02/28,04:25:25,32.2495,-115.32583,7.0,ci12459716
338,9504662,3.02,2002/02/28,11:12:45,32.26433,-115.31917,7.0,ci12459716
339,12467780,3.19,2002/02/28,22:04:54,32.23517,-115.31133,7.01,ci12467540
340,12471776,3.23,2002/03/03,00:09:01,35.42167,-116.454,6.76,ci12471776
341,12471992,3.11,2002/03/03,20:07:18,32.263,-115.3245,7.02,ci12471764
342,12472200,3.44,2002/03/04,13:12:22,32.24167,-115.32317,7.03,ci12472200
343,12472836,3.19,2002/03/06,12:32:40,32.29967,-115.32467,7.0,ci12472696
344,12472908,3.35,2002/03/06,19:50:41,32.2795,-115.3405,7.01,ci12472836
345,12473068,3.06,2002/03/07,06:58:34,32.2705,-115.33483,7.05,ci12472836
346,12495448,3.18,2002/03/10,19:59:06,37.63433,-118.84033,7.0,nc21216077
347,12531428,3.02,2002/03/11,19:08:04,32.20633,-115.33117,6.92,
348,12583548,3.28,2002/03/14,18:41:27,34.845,-116.35233,7.51,ci12583548
349,12615428,3.43,2002/03/15,16:57:57,34.5185,-116.29133,5.6,ci12615428
350,12619436,3.07,2002/03/15,17:39:26,34.5215,-116.293,5.6,ci12619436
351,12659440,4.6,2002/03/16,21:33:24,33.666,-119.33,7.0,ci12659440
352,12663480,3.17,2002/03/17,05:46:14,33.66733,-119.32633,7.0,ci12663480
353,12663484,3.21,2002/03/17,05:50:43,33.87283,-117.85583,9.52,ci12663484
354,9772973,3.4,2002/03/23,12:27:33,34.26683,-116.77433,2.96,ci9772973
355,9773533,3.04,2002/03/26,09:10:12,32.31367,-115.32733,7.0,ci9773533
356,9773557,3.03,2002/03/26,11:28:34,32.81233,-115.6055,16.47,ci9773557
357,9773629,3.74,2002/03/26,19:44:28,32.29267,-115.32117,7.01,ci9773629
358,9774045,3.03,2002/03/28,06:56:08,33.35017,-115.752,5.09,ci9774045
359,9774505,3.27,2002/03/30,02:01:56,32.50583,-115.24033,7.01,ci9774505
360,9774569,3.84,2002/03/30,13:50:52,33.19467,-116.728,9.35,ci9774569
361,9775765,4.39,2002/04/05,08:02:56,34.524,-116.29467,5.6,ci9775765
362,9776225,3.3,2002/04/07,13:58:43,32.10517,-115.45567,7.0,ci9776225
363,9776349,3.16,2002/04/07,23:32:23,31.82117,-116.22333,1.13,ci9776349
364,9776853,3.01,2002/04/09,17:15:04,32.34417,-115.313,7.01,ci9776853
365,9777393,3.3,2002/04/11,13:43:16,32.28717,-115.31633,7.0,ci9777393
366,12883788,4.1,2002/04/29,12:24:41,32.0535,-114.95733,6.0,ci12883788
367,12887672,3.01,2002/05/01,23:02:28,35.71333,-118.078,2.95,ci12887672
368,12887732,3.84,2002/05/02,06:00:15,35.70967,-118.07883,3.11,ci12887732
369,12943648,3.42,2002/05/07,22:31:48,35.7155,-118.06817,3.16,ci12943648
370,12947516,3.26,2002/05/08,16:18:13,36.126,-120.34517,6.97,
371,13075448,5.1,2002/05/14,05:00:26,36.926,-121.82233,0.0,
372,13303428,3.88,2002/05/21,19:43:08,33.15833,-115.97717,12.87,ci13303428
373,13311436,3.99,2002/05/23,00:52:51,31.85467,-115.79067,4.26,ci13311436
374,13451432,3.01,2002/05/27,13:50:20,33.90767,-119.57033,14.55,ci13451432
375,13656376,3.94,2002/06/09,10:26:56,32.26267,-115.1335,7.0,ci13656376
376,13656848,3.19,2002/06/11,19:28:24,31.83033,-116.21,1.66,ci13656848
377,13657604,4.87,2002/06/14,12:40:46,36.69383,-116.33533,7.04,
378,9792609,3.07,2002/06/18,00:26:06,37.47783,-118.85316,9.86,nc21231112
379,9793181,3.2,2002/06/19,23:21:17,36.4645,-121.06917,10.29,nc21231392
380,9795445,3.24,2002/06/27,03:48:21,32.33483,-115.217,7.01,ci9795445
381,9796049,3.08,2002/06/29,11:27:06,32.01733,-117.19517,7.01,ci9796049
382,9796589,3.33,2002/07/01,22:04:00,34.10333,-116.651,10.02,ci9796589
383,13672504,3.74,2002/07/15,20:18:18,37.36717,-118.4285,7.01,nc21235556
384,13687448,3.02,2002/07/17,05:06:23,31.17,-115.82,0.44,ci13687448
385,13692644,3.74,2002/07/25,00:43:15,34.16133,-117.42883,6.54,ci13692644
386,9805021,3.73,2002/07/31,08:31:48,34.571,-116.44117,2.96,ci9805021
387,9805181,3.1,2002/07/31,18:53:40,35.8805,-120.02017,6.98,nc21238361
388,9808329,3.17,2002/08/11,05:41:33,38.25833,-119.39133,3.79,
389,9808837,3.04,2002/08/13,10:09:50,34.16683,-117.43567,7.34,ci9808837
390,9809025,3.15,2002/08/13,18:03:26,35.31183,-119.44667,14.3,ci9809025
391,9809057,3.13,2002/08/13,19:20:34,37.10617,-117.98917,7.91,ci9809057
392,9811393,3.2,2002/08/19,11:12:14,34.02033,-115.44666,8.4,
393,9817605,3.75,2002/08/31,16:24:33,33.04533,-115.61,14.24,ci9817605
394,9818433,4.75,2002/09/03,07:08:52,33.91733,-117.77583,12.92,ci9818433
395,9818565,3.09,2002/09/03,11:49:33,32.28283,-115.31117,6.26,ci9818565
396,9819221,4.15,2002/09/04,12:24:15,30.09483,-116.82233,7.0,
397,9820021,3.73,2002/09/06,07:28:23,35.84167,-120.46467,7.0,nc21243814
398,9820489,3.53,2002/09/07,00:02:11,36.0505,-117.87667,3.32,ci9820489
399,9820513,3.37,2002/09/07,00:25:32,31.84217,-116.2625,0.15,ci9820513
400,13811700,3.15,2002/09/11,15:57:00,31.90717,-116.407,7.0,ci13811700
401,13813192,3.31,2002/09/15,21:15:51,34.05433,-116.32017,10.5,ci13813192
402,13813696,3.73,2002/09/17,15:00:05,33.50317,-116.77867,15.99,ci13813696
403,13820088,3.84,2002/09/19,06:21:05,34.86617,-116.39533,3.51,ci13820088
404,9826789,4.31,2002/09/21,21:26:17,33.22483,-116.11283,14.57,ci9826789
405,9827109,3.59,2002/09/23,08:13:17,32.18133,-115.38367,7.01,ci9827109
406,9827229,3.06,2002/09/23,15:41:27,32.20633,-115.377,7.04,ci9827229
407,9827789,3.52,2002/09/25,07:08:46,36.57183,-121.34183,12.95,
408,9828889,4.13,2002/09/28,10:34:47,35.94617,-117.3035,3.72,ci9828889
409,9829137,3.58,2002/09/28,16:05:17,32.37117,-115.24983,7.0,ci9829137
410,9829213,3.99,2002/09/28,18:11:30,35.9455,-117.30517,3.48,ci9828889
411,9829217,3.72,2002/09/28,18:12:57,35.944,-117.30517,3.11,ci9829213
412,9829565,3.08,2002/09/29,17:46:09,34.57717,-116.26567,3.26,ci9829561
413,9831229,3.35,2002/10/04,14:23:27,34.7095,-116.29783,3.0,ci9831229
414,13843616,3.28,2002/10/05,07:16:23,34.71883,-116.291,5.57,ci9831229
415,9848677,3.24,2002/10/09,03:20:59,32.44783,-115.4195,7.01,ci9848677
416,9851457,3.17,2002/10/16,20:22:01,32.64533,-118.0735,25.19,ci9851457
417,9851505,3.09,2002/10/17,03:26:35,33.48217,-116.49983,14.91,ci9851505
418,9851749,3.21,2002/10/18,04:45:42,32.634,-118.08033,6.99,ci9851749
419,9852637,3.58,2002/10/22,07:15:26,34.3015,-116.88383,7.1,ci9852637
420,9853417,3.83,2002/10/24,17:18:33,33.50567,-116.581,14.53,ci9853417
421,9854597,4.77,2002/10/29,14:16:54,34.80267,-116.2665,4.6,ci9854597
422,9855477,3.07,2002/10/31,23:59:37,33.53333,-116.94033,6.06,ci9855477
423,9856273,3.25,2002/11/03,06:58:42,33.16583,-115.64167,2.43,ci9856273
424,9857013,3.76,2002/11/05,14:06:42,31.52333,-115.5015,5.96,ci9857013
425,13908892,3.08,2002/11/07,11:02:11,34.80317,-116.27483,3.69,ci13908892
426,13909220,3.52,2002/11/08,23:19:07,34.924,-119.01667,12.45,ci13909220
427,13909360,3.06,2002/11/09,21:06:31,35.94883,-117.29483,5.27,ci13909360
428,13909920,4.22,2002/11/12,16:48:26,35.96167,-120.56767,9.44,nc21254383
429,13911264,3.45,2002/11/18,17:36:16,35.896,-121.02533,7.05,ci13911264
430,13912452,3.11,2002/11/25,00:03:15,37.09967,-117.33967,1.08,
431,12056199,3.5,2002/11/26,13:45:38,31.856,-115.027,10.95,
432,13912892,4.08,2002/11/26,13:45:52,32.09967,-115.0075,7.02,ci13912892
433,13913212,3.37,2002/11/27,18:48:01,34.38333,-116.46467,3.07,ci13913212
434,13913324,3.05,2002/11/28,02:07:16,31.874,-115.61767,7.01,ci13913324
435,13913368,3.03,2002/11/28,10:05:58,34.80517,-116.26967,6.35,ci13913368
436,13914388,3.06,2002/12/01,17:49:18,33.78483,-116.11517,2.68,ci13914388
437,13914536,3.08,2002/12/02,10:40:21,37.40383,-117.16167,7.69,
438,13914552,3.29,2002/12/02,13:19:36,33.32467,-115.69933,4.05,ci13914552
439,13914868,3.02,2002/12/03,02:59:21,33.9925,-116.86433,14.3,ci13914868
440,13915968,3.13,2002/12/06,11:21:59,35.97433,-120.61483,15.89,
441,13917260,4.84,2002/12/10,21:04:01,32.23167,-115.79817,6.99,ci13917260
442,13917272,3.97,2002/12/10,21:47:15,32.22483,-115.795,6.97,ci13917272
443,13917540,3.17,2002/12/11,15:20:38,33.94883,-119.189,0.94,ci13917540
444,9867737,3.31,2002/12/12,02:47:04,32.22983,-115.787,6.99,ci9867737
445,9867773,3.48,2002/12/12,05:58:38,37.56883,-118.52133,6.99,nc21259946
446,9869697,4.21,2002/12/12,21:03:43,32.36717,-115.20183,7.02,ci9869697
447,9870453,3.28,2002/12/14,13:07:10,37.99017,-116.976,6.94,
448,9872497,3.48,2002/12/22,12:55:33,33.88517,-116.2575,10.63,ci9872497
449,9873153,3.17,2002/12/24,02:43:28,37.51966,-118.85316,6.39,nc21261074
450,9874017,3.17,2002/12/27,12:01:48,32.16917,-115.33683,7.07,ci9874017
451,9874421,3.27,2002/12/28,14:08:21,36.1235,-120.10567,0.11,
452,9874701,3.15,2002/12/29,19:36:07,35.315,-118.65583,2.38,ci9874701
453,9875085,3.03,2002/12/31,03:29:02,36.229,-120.18983,7.11,nc21261750
454,9875257,3.49,2003/01/01,00:51:45,33.36683,-119.13117,7.01,ci9875257
455,9875457,3.03,2003/01/01,21:02:54,35.31983,-118.66133,5.6,ci9875457
456,9875657,3.64,2003/01/02,16:11:38,35.3195,-118.65667,3.63,ci9875657
457,9875665,3.59,2003/01/02,16:15:45,35.313,-118.65667,3.6,ci9875657
458,9879733,3.75,2003/01/13,14:28:28,32.40417,-115.25967,7.0,ci9879733
459,9880217,3.25,2003/01/15,09:46:53,36.09483,-117.99683,5.6,ci9880217
460,9881041,3.1,2003/01/18,10:43:38,34.3,-118.57783,2.11,ci9881041
461,9881269,3.12,2003/01/19,22:59:47,32.20133,-115.799,6.99,ci9881269
462,9881373,3.44,2003/01/20,14:57:03,32.766,-115.54933,21.74,ci9881373
463,9881873,3.03,2003/01/22,20:28:23,33.89533,-118.55083,13.55,ci9881873
464,9881993,3.24,2003/01/23,19:20:59,31.57867,-115.7855,6.81,ci9881993
465,9882325,3.88,2003/01/25,09:11:03,35.32483,-118.661,5.6,ci9882325
466,9882329,4.54,2003/01/25,09:16:10,35.3175,-118.65383,5.6,ci9882329
467,9882545,3.05,2003/01/26,05:30:23,35.31517,-118.651,4.23,ci9882545
468,13930396,3.01,2003/01/30,21:21:58,34.84683,-121.17567,7.07,nc21265756
469,13930772,3.32,2003/02/01,10:01:26,32.10217,-117.50617,7.0,ci13930772
470,13930844,3.25,2003/02/01,17:26:52,33.74517,-116.02083,11.04,ci13930844
471,9886485,4.99,2003/02/07,10:34:05,31.62817,-115.51067,7.62,ci9886485
472,9886493,3.09,2003/02/07,11:44:01,31.59867,-115.534,13.57,ci9886493
473,9887057,3.17,2003/02/09,07:05:12,35.3285,-118.66917,2.36,ci9886953
474,9887361,3.38,2003/02/10,18:10:25,36.58733,-121.2105,16.4,nc21267421
475,13935208,3.38,2003/02/19,17:10:24,34.89283,-119.36167,11.93,ci13935208
476,13935312,3.13,2003/02/19,21:00:58,34.895,-119.35717,12.96,ci13935208
477,13935988,5.37,2003/02/22,12:19:11,34.30983,-116.848,1.23,
478,13935992,4.0,2003/02/22,12:20:16,34.311,-116.84733,4.38,ci13935992
479,13935996,4.34,2003/02/22,12:21:33,34.31083,-116.85067,4.38,ci13935996
480,13936000,3.72,2003/02/22,12:22:40,34.31017,-116.8475,5.52,ci13935992
481,13936004,3.09,2003/02/22,12:23:11,34.34033,-116.8525,0.04,ci13936004
482,13936072,3.15,2003/02/22,12:25:00,34.312,-116.85017,4.84,ci13936004
483,13936076,4.01,2003/02/22,12:25:14,34.326,-116.85717,9.31,ci13935992
484,13936152,3.39,2003/02/22,12:28:36,34.30983,-116.84833,5.45,ci13936004
485,13936168,3.15,2003/02/22,12:33:38,34.313,-116.8505,5.77,ci13936004
486,13936216,3.08,2003/02/22,12:48:44,34.3165,-116.856,2.16,ci13936004
487,13936236,3.47,2003/02/22,12:53:53,34.30633,-116.8405,4.58,ci13936000
488,13936432,4.1,2003/02/22,14:16:08,34.32417,-116.858,4.16,ci13935992
489,13936596,3.87,2003/02/22,16:12:17,34.3135,-116.84917,4.32,ci13935992
490,13936736,3.11,2003/02/22,17:50:13,34.31983,-116.85067,3.39,ci13936004
491,13936812,4.5,2003/02/22,19:33:46,34.30967,-116.85033,3.02,ci13935996
492,13937492,3.54,2003/02/23,09:24:23,34.31267,-116.85033,3.72,ci13936000
493,13937600,3.44,2003/02/23,15:52:51,34.30483,-116.84667,5.86,ci13937492
494,13937696,3.3,2003/02/23,20:28:14,34.317,-116.84183,2.35,ci13937492
495,13938172,3.02,2003/02/24,02:42:08,34.307,-116.8325,3.65,ci13937696
496,13938228,3.27,2003/02/24,04:04:00,34.31217,-116.85233,6.16,ci13937492
497,13938592,3.22,2003/02/24,23:06:45,33.44533,-116.4365,13.07,ci13938592
498,13938688,3.03,2003/02/25,02:26:19,34.31433,-116.85067,5.21,ci13938172
499,13938812,4.61,2003/02/25,04:03:05,34.3155,-116.8445,2.71,ci13938812
500,13939456,3.63,2003/02/26,01:45:29,34.331,-116.85683,3.33,ci13939456
501,13939856,4.04,2003/02/27,05:00:22,34.30433,-116.843,4.6,ci13939856
502,13940064,3.02,2003/02/27,13:36:08,32.18567,-115.7865,7.02,ci13940064
503,13941688,3.16,2003/03/02,11:50:07,32.202,-115.80083,6.99,ci13941688
504,13941840,3.01,2003/03/02,17:59:02,34.32583,-116.8615,1.92,ci13941840
505,13942084,3.23,2003/03/03,09:57:54,33.199,-115.57983,3.68,ci13942084
506,13942864,3.04,2003/03/05,16:05:54,34.69833,-116.303,5.6,ci13942864
507,13944196,4.3,2003/03/08,15:35:02,37.624,-118.8885,9.02,nc21270208
508,13944352,3.26,2003/03/09,05:36:58,37.60217,-118.88867,6.99,nc21270420
509,13944376,3.04,2003/03/09,08:22:57,37.564,-118.893,48.61,nc21270420
510,13945908,4.64,2003/03/11,19:28:18,34.35917,-116.13317,3.89,ci13945908
511,13945912,3.4,2003/03/11,19:31:32,34.367,-116.132,3.3,ci13945912
512,13947424,3.59,2003/03/15,10:01:48,34.30567,-116.84283,3.59,ci13947424
513,13948332,3.3,2003/03/18,19:27:19,37.59883,-118.576,7.0,nc21271519
514,13948532,3.12,2003/03/19,10:44:51,37.56533,-118.8235,7.0,nc21273871
515,13948844,3.34,2003/03/20,12:42:41,31.138,-115.45733,5.06,ci13948844
516,13948988,3.47,2003/03/21,18:46:34,36.66267,-117.1865,9.66,ci13948988
517,13949156,3.79,2003/03/22,13:37:28,31.17133,-115.93217,6.0,usp000bt8e
518,13949584,3.14,2003/03/24,17:34:53,33.2695,-117.895,10.0,ci13949584
519,13951900,3.04,2003/04/01,20:54:37,36.02383,-120.67417,3.05,nc21273511
520,13953268,3.17,2003/04/06,02:18:12,37.38767,-117.11533,7.01,nn00066233
521,9906237,3.34,2003/04/09,04:16:47,31.86433,-115.86383,6.0,ci9906237
522,9906629,3.28,2003/04/10,23:03:16,34.31033,-116.85117,5.77,ci9906629
523,9906977,3.12,2003/04/12,00:59:46,36.6035,-121.29133,6.7,nc21275752
524,9907305,3.27,2003/04/13,16:39:23,33.18433,-115.60167,3.34,ci9907305
525,9907437,3.14,2003/04/14,10:08:57,33.89767,-118.2175,14.02,ci9907437
526,9909097,3.17,2003/04/19,23:50:25,33.79483,-116.08817,8.56,ci9909097
527,9909533,3.51,2003/04/21,15:46:47,36.56433,-120.73917,7.01,nc21276738
528,13958784,3.33,2003/04/25,22:00:29,33.01533,-118.92767,6.0,ci13958784
529,13959492,3.15,2003/04/28,07:37:31,32.33383,-117.862,6.0,ci13959492
530,13959680,3.34,2003/04/29,02:38:41,33.11567,-116.07367,12.81,ci13959680
531,13961740,3.11,2003/05/06,23:52:46,32.234,-115.80933,6.0,ci13961740
532,9915709,3.87,2003/05/14,22:47:18,33.74917,-116.0235,8.22,ci9915709
533,9915909,3.63,2003/05/15,17:58:02,35.838,-118.1095,10.69,ci9915909
534,9916341,3.11,2003/05/17,11:27:26,33.18117,-115.60467,2.98,ci9916341
535,13965956,3.78,2003/05/22,23:48:57,36.724,-121.305,7.11,ci13965956
536,13966128,3.04,2003/05/23,18:35:42,35.20833,-118.11717,5.05,ci13966128
537,13966244,3.54,2003/05/23,23:53:38,32.94783,-115.55417,15.83,ci13966244
538,13966288,3.11,2003/05/24,00:20:59,32.94283,-115.5535,15.19,ci13966288
539,13966396,4.17,2003/05/24,02:04:29,32.9485,-115.55033,16.0,ci13966396
540,13966672,3.76,2003/05/24,06:51:10,32.9615,-115.5445,16.73,ci13966244
541,13967196,3.5,2003/05/26,10:38:31,36.99067,-120.15916,12.52,nc30225834
542,9919225,3.13,2003/05/27,20:51:58,31.61517,-115.70167,7.0,ci9919225
543,9919673,3.32,2003/05/29,18:33:03,38.26483,-117.825,0.05,
544,9919721,3.56,2003/05/29,22:52:15,38.243,-117.9285,2.78,nn00068011
545,9919785,3.28,2003/05/30,09:03:39,36.97283,-120.11333,27.37,nc21284445
546,13968372,3.23,2003/06/01,21:00:30,38.04083,-117.58167,6.54,
547,13970128,3.16,2003/06/07,13:32:34,32.86933,-118.49617,6.0,ci13970128
548,13970672,3.19,2003/06/11,14:12:26,31.89217,-114.556,6.0,ci13970672
549,13970808,3.5,2003/06/11,21:13:05,32.07667,-114.6255,6.0,
550,13970876,3.57,2003/06/12,03:53:08,32.9515,-115.55383,17.02,ci13970876
551,9520294,3.39,2003/06/12,03:54:11,32.95683,-115.5495,15.78,ci13970876
552,13971180,3.15,2003/06/13,07:52:47,34.305,-116.83483,7.29,ci13971180
553,13971624,3.15,2003/06/15,17:25:31,37.46267,-118.913,7.01,nc21287586
554,9520538,3.14,2003/06/17,20:25:05,34.18283,-117.47933,3.28,ci9520538
555,9923613,3.38,2003/06/17,20:25:15,34.17733,-117.47417,4.0,ci9520538
556,9924281,3.33,2003/06/20,06:29:01,34.87233,-120.18967,8.06,
557,9924373,3.45,2003/06/20,16:07:31,32.63783,-116.1385,10.02,ci9924373
558,13974072,4.06,2003/06/26,06:20:01,32.01567,-117.384,6.0,ci13974072
559,13974300,3.19,2003/06/27,11:29:34,32.66867,-118.1815,6.0,ci13974300
560,9927869,3.6,2003/07/03,10:17:15,31.68583,-116.01983,6.0,ci9927869
561,9928213,3.16,2003/07/04,20:54:16,36.40667,-119.43983,8.67,ci9928213
562,9930549,4.15,2003/07/15,06:15:51,34.62167,-116.66717,7.64,ci9930549
563,13978600,3.1,2003/07/17,10:08:10,34.71517,-121.14117,6.0,
564,13978612,3.24,2003/07/17,10:33:23,34.72333,-121.13033,6.0,
565,9934165,3.3,2003/07/29,09:03:21,36.99483,-119.22983,7.55,ci9934165
566,9935153,3.04,2003/08/01,19:06:49,33.3125,-115.73033,7.33,ci9935153
567,9936525,3.03,2003/08/08,04:55:04,33.3895,-118.665,2.78,ci9936525
568,13985852,3.45,2003/08/18,19:35:52,37.525,-118.828,20.28,nc30226171
569,13986068,3.03,2003/08/19,20:07:57,32.724,-116.02083,14.73,ci13986068
570,13986104,3.65,2003/08/19,22:02:09,36.46517,-118.29083,9.47,ci13986104
571,9940565,3.23,2003/08/25,07:31:11,34.395,-118.65067,17.33,ci9940565
572,9940633,3.21,2003/08/25,13:31:27,31.79783,-116.22233,2.06,ci9940633
573,9941081,3.9,2003/08/27,06:02:22,34.40417,-118.64767,17.86,ci9941081
574,9941437,3.02,2003/08/28,17:33:35,36.131,-120.3455,6.94,nc21303568
575,9942841,3.6,2003/09/05,01:39:54,37.8305,-122.27734,5.95,
576,9944001,3.12,2003/09/10,15:27:40,33.3165,-116.36017,14.61,ci9944001
577,9944301,3.74,2003/09/11,17:03:40,32.51733,-115.27683,6.0,ci9944301
578,9944637,3.43,2003/09/13,00:59:27,34.33967,-118.74267,15.59,ci9944637
579,9944785,3.05,2003/09/14,02:32:31,33.76017,-116.02817,5.58,ci9944785
580,13992816,3.09,2003/09/21,07:43:25,36.09083,-120.6335,2.75,nc21308308
581,13993764,3.37,2003/09/25,14:33:46,36.80617,-121.327,6.28,nc21309098
582,9949485,3.72,2003/10/07,05:20:33,38.13133,-118.277,4.13,ci9949485
583,9949649,3.63,2003/10/07,17:35:51,32.52783,-117.12283,15.38,ci9949649
584,9949793,4.29,2003/10/08,11:26:23,32.168,-115.425,6.0,ci9949793
585,9949961,3.06,2003/10/09,07:33:55,33.40983,-116.40333,12.46,ci9949961
586,9950169,3.52,2003/10/10,02:27:36,34.22683,-116.44983,1.71,ci9950169
587,13997524,3.36,2003/10/15,04:18:40,34.0355,-116.39683,11.93,ci13997524
588,13998096,3.19,2003/10/18,07:27:19,35.21983,-120.79467,0.1,nc21313413
589,13998352,3.27,2003/10/19,15:32:53,37.8905,-122.14467,0.05,nc30226452
590,13998476,3.22,2003/10/20,17:50:10,37.89433,-122.1795,3.72,nc30226456
591,13998520,3.16,2003/10/20,20:53:51,32.154,-115.4285,7.01,ci13998520
592,13998768,3.59,2003/10/22,00:04:03,32.33517,-115.25133,28.94,ci13998768
593,13999244,3.14,2003/10/24,10:11:05,33.05917,-115.90867,2.96,ci13999244
594,13999448,3.35,2003/10/25,05:49:52,32.1925,-115.42017,7.01,ci13999448
595,14000376,3.59,2003/10/29,23:44:49,34.27217,-118.753,13.81,ci14000376
596,14000472,3.27,2003/10/30,16:14:29,31.662,-115.83733,6.0,ci14000472
597,14000872,3.28,2003/11/01,14:52:36,35.13317,-118.93917,14.71,ci14000872
598,14000944,3.27,2003/11/02,03:59:14,34.16717,-117.408,11.72,ci14000944
599,14001236,3.29,2003/11/04,06:22:14,32.156,-115.42483,6.0,ci14001236
600,14002288,3.68,2003/11/06,22:04:13,37.20467,-121.66817,0.11,ci14002288
601,14002952,3.33,2003/11/11,02:07:53,37.40617,-118.599,6.53,nc30226557
602,14003288,3.26,2003/11/12,20:23:10,33.90333,-116.90117,13.96,ci14003288
603,14003372,3.31,2003/11/13,05:17:57,33.36233,-116.40783,13.53,ci14003372
604,14003952,3.97,2003/11/15,20:11:59,38.2475,-117.852,2.73,nn00075644
605,14003964,3.14,2003/11/15,20:42:20,38.17833,-117.9055,3.3,nn00075646
606,14003980,4.09,2003/11/15,21:19:36,38.2425,-117.8625,3.1,nn00075644
607,14004016,3.49,2003/11/16,00:36:34,32.15017,-115.41117,6.0,ci14004016
608,14004080,3.19,2003/11/16,06:08:29,38.27417,-117.81217,4.92,nn00075646
609,14004388,3.61,2003/11/18,06:59:33,38.30517,-117.79784,4.67,
610,14005408,3.09,2003/11/23,03:06:23,33.69433,-116.03533,12.49,ci14005408
611,14006256,3.47,2003/11/27,14:38:17,33.80033,-116.18317,5.56,ci14006256
612,14006712,3.09,2003/11/30,15:29:02,34.43033,-119.14383,17.2,ci14006712
613,14007388,3.73,2003/12/04,06:15:52,35.6355,-117.5765,2.81,ci14007388
614,14008004,3.39,2003/12/06,13:50:28,34.09683,-117.308,17.15,ci14008004
615,14008156,3.18,2003/12/07,14:49:58,35.63233,-117.57533,1.92,ci14008156
616,9962905,3.49,2003/12/11,17:33:57,32.19917,-115.4435,26.56,ci9962905
617,9965461,3.16,2003/12/17,22:06:39,31.707,-116.00283,6.0,ci9965461
618,9966017,3.33,2003/12/20,12:52:44,34.69167,-116.29033,1.91,ci9966017
619,9966033,4.0,2003/12/20,16:35:24,37.17883,-117.85517,9.31,ci9966033
620,9966449,6.54,2003/12/22,19:15:57,35.7085,-121.10433,7.01,nc21323712
621,9966469,3.1,2003/12/22,19:49:24,35.62733,-120.93983,9.94,nc40148761
622,9966477,4.69,2003/12/22,19:53:30,35.65117,-121.07167,7.01,nc21323713
623,9966481,3.86,2003/12/22,19:59:32,35.61967,-120.97867,6.18,nc21323718
624,9966489,3.84,2003/12/22,20:01:33,35.59367,-120.896,5.6,nc30500274
625,9966505,3.96,2003/12/22,20:06:15,35.69283,-121.09817,6.44,nc30226888
626,9966561,4.1,2003/12/22,20:41:44,35.668,-121.05933,8.31,nc21323714
627,9966585,3.03,2003/12/22,21:03:34,35.58033,-120.87667,6.54,nc40148761
628,9966589,3.03,2003/12/22,21:05:09,35.66233,-121.06533,7.95,nc21323720
629,9966593,3.33,2003/12/22,21:06:11,35.57933,-120.94317,7.92,nc21323717
630,9966621,3.44,2003/12/22,21:25:12,35.54633,-120.81967,0.02,nc21323717
631,9966629,4.23,2003/12/22,21:31:37,35.71117,-121.04617,8.4,nc21323714
632,9966697,3.4,2003/12/22,22:18:21,35.708,-121.04983,6.62,nc21323720
633,9966837,3.71,2003/12/22,23:35:56,35.711,-121.0515,8.41,nc30500278
634,9966869,4.21,2003/12/22,23:52:37,35.5535,-120.92,5.58,nc21323714
635,9966881,3.37,2003/12/23,00:06:00,35.54017,-120.91067,6.91,nc21323717
636,9966917,3.46,2003/12/23,00:27:23,35.545,-120.917,7.0,nc21323717
637,9966977,3.24,2003/12/23,01:18:05,35.57533,-120.8275,3.69,nc21323717
638,9966985,3.04,2003/12/23,01:30:56,35.70833,-121.03617,5.32,nc21323720
639,9967025,4.03,2003/12/23,02:06:56,35.6885,-121.06783,7.0,nc21323714
640,9967093,3.53,2003/12/23,03:03:21,35.6615,-121.07667,0.0,nc21323720
641,9967137,4.36,2003/12/23,03:46:02,35.69567,-121.09283,2.3,nc30500281
642,9967197,3.07,2003/12/23,04:34:25,35.66717,-121.083,0.25,nc21323720
643,9967221,3.36,2003/12/23,05:00:56,35.531,-120.815,0.02,nc21323717
644,9967249,4.26,2003/12/23,05:30:19,35.68067,-121.12867,0.12,nc30500281
645,9967437,3.21,2003/12/23,08:03:35,35.60467,-120.88817,7.0,nc21323717
646,9967449,3.06,2003/12/23,08:14:11,35.54433,-120.83383,0.04,nc21323717
647,9967541,4.07,2003/12/23,09:41:47,35.4165,-121.1635,7.04,
648,9967613,3.29,2003/12/23,10:47:32,35.571,-120.95,4.77,nc21323717
649,9967653,4.02,2003/12/23,11:40:37,35.691,-121.10833,6.98,nc30226888
650,9967901,4.63,2003/12/23,18:17:12,35.64867,-121.06583,5.56,nc21323713
651,9968089,3.43,2003/12/24,00:39:37,35.6905,-121.24333,7.02,
652,9968165,3.28,2003/12/24,04:15:15,35.65417,-121.10633,0.02,nc30500392
653,9968205,3.41,2003/12/24,05:22:30,35.676,-121.10217,7.0,nc30500546
654,9968217,3.13,2003/12/24,05:52:09,35.707,-121.03383,0.22,nc21324821
655,9968305,3.38,2003/12/24,09:36:09,35.53833,-120.83183,0.03,nc30500551
656,9968437,3.39,2003/12/24,14:32:50,35.47483,-121.12533,7.05,
657,9968525,3.69,2003/12/24,17:42:24,34.77717,-120.5155,1.12,ci9968525
658,9968749,3.98,2003/12/25,05:20:14,35.65833,-121.106,7.0,nc30500582
659,9968757,3.19,2003/12/25,05:47:53,32.14283,-116.42283,1.29,ci9968757
660,9968793,3.88,2003/12/25,06:34:50,35.66617,-121.19233,6.96,nc30500582
661,9968873,3.4,2003/12/25,08:11:24,35.71717,-121.05083,6.63,nc30500348
662,9968913,3.09,2003/12/25,09:34:35,35.66083,-121.103,5.6,nc21324164
663,9968933,3.37,2003/12/25,10:14:23,35.663,-121.079,0.01,nc30500348
664,9968977,4.41,2003/12/25,11:50:03,35.54767,-120.82867,5.19,ci9968977
665,9969017,3.38,2003/12/25,14:14:42,35.6845,-121.06567,0.03,nc30500348
666,9969121,3.61,2003/12/25,18:23:33,35.7125,-121.057,7.13,nc21324508
667,9969157,3.1,2003/12/25,19:41:46,35.5435,-120.82517,0.03,nc68006783
668,9969213,3.27,2003/12/25,23:04:16,35.572,-120.8955,5.83,nc68006931
669,9969249,3.43,2003/12/26,01:22:35,35.6465,-121.387,6.99,
670,9969265,3.47,2003/12/26,02:35:33,35.62967,-120.91367,4.33,nc21325938
671,9969485,3.98,2003/12/26,15:38:46,35.65933,-121.108,5.65,nc21325935
672,9969585,3.45,2003/12/26,21:54:04,35.6505,-121.095,0.01,nc21324801
673,9969797,3.13,2003/12/27,13:04:50,35.66283,-121.09,6.92,nc21326001
674,9969805,3.21,2003/12/27,14:23:01,35.65783,-121.11217,6.96,nc21326001
675,9969813,3.28,2003/12/27,14:35:42,35.66033,-121.14267,7.01,nc21326026
676,9969881,3.07,2003/12/27,20:26:09,35.63267,-120.93517,1.01,
677,9969905,3.86,2003/12/27,21:29:40,35.66767,-121.10683,7.0,nc21326359
678,9969989,3.55,2003/12/28,01:47:46,35.60383,-120.89133,0.03,nc21325638
679,9970345,3.13,2003/12/29,00:20:22,35.595,-121.05334,5.53,nc21326546
680,9970349,3.53,2003/12/29,00:49:12,33.9705,-117.81517,16.74,ci9970349
681,9970365,3.18,2003/12/29,01:03:47,33.97333,-117.8155,16.33,ci9970365
682,9970417,3.45,2003/12/29,02:38:45,35.55367,-120.95617,3.9,
683,9970537,3.42,2003/12/29,09:05:04,35.71767,-121.29467,7.01,
684,9970629,3.14,2003/12/29,15:20:18,35.63433,-121.10733,7.0,nc21326546
685,9970681,3.69,2003/12/29,18:05:52,35.71133,-121.063,6.98,nc68007317
686,9971045,3.39,2003/12/30,21:17:38,35.64433,-121.41617,2.93,
687,9971133,3.69,2003/12/31,04:12:10,35.72333,-121.0555,7.01,nc21327170
688,9971141,3.68,2003/12/31,05:13:20,35.563,-120.95284,0.35,nc68007483
689,14018276,3.2,2004/01/01,09:00:24,35.63033,-117.57767,0.03,ci14018276
690,14018288,3.52,2004/01/01,11:13:30,35.70633,-121.023,5.61,nc21328398
691,14018328,3.35,2004/01/01,14:03:09,35.715,-120.96233,6.72,nc21329066
692,14018428,3.09,2004/01/01,23:21:32,35.65933,-121.09,7.0,nc30500601
693,14018508,4.41,2004/01/02,10:44:53,35.70133,-121.13517,6.98,nc30226905
694,14018780,3.21,2004/01/03,09:09:49,35.68033,-121.15333,7.0,nc21329309
695,14018784,3.04,2004/01/03,09:17:07,34.3675,-118.62283,12.12,ci14018784
696,14019020,3.63,2004/01/04,05:43:52,35.6275,-121.14433,7.0,nc21329995
697,14019212,3.52,2004/01/04,23:17:16,35.68283,-121.09216,7.01,nc21330730
698,14019272,3.38,2004/01/05,05:58:03,32.18183,-115.41417,7.02,ci14019272
699,14019316,3.06,2004/01/05,10:24:50,35.68517,-121.1575,6.0,nc21330985
700,9972805,3.7,2004/01/06,06:39:28,35.57217,-121.3495,7.0,
701,9972941,3.9,2004/01/06,18:28:39,35.70433,-121.088,7.0,nc21330775
702,9973785,3.01,2004/01/09,07:34:51,35.28717,-120.28083,5.6,ci9973785
703,9974029,3.5,2004/01/10,04:09:33,35.51117,-120.92633,6.97,nc21332304
704,9974425,3.16,2004/01/11,20:18:29,31.97967,-116.15517,7.0,ci9974425
705,9974649,3.42,2004/01/12,17:24:51,32.22667,-115.417,7.01,ci9974649
706,9974777,3.53,2004/01/13,01:14:27,37.514,-118.84333,3.24,
707,9975073,3.44,2004/01/14,01:09:16,35.5705,-120.78033,0.22,nc21333767
708,9975637,3.29,2004/01/16,17:40:03,32.11117,-115.84933,7.01,ci9975637
709,9975861,3.25,2004/01/17,09:41:27,35.60183,-120.902,7.0,nc68008112
710,9975869,3.01,2004/01/17,10:05:26,35.602,-120.8785,4.45,nc68008113
711,9976301,3.37,2004/01/19,22:36:45,35.64133,-120.9155,7.49,nc21335398
712,14023524,3.45,2004/01/21,06:25:59,35.56133,-120.79667,1.54,nc30228696
713,14024152,3.15,2004/01/23,00:34:17,35.81167,-121.23633,7.01,
714,14025084,3.08,2004/01/26,17:00:04,34.80983,-116.31083,2.95,ci14025084
715,14025144,3.76,2004/01/26,19:16:26,31.3205,-115.596,6.23,usp000cjr6
716,14025600,3.22,2004/01/28,12:00:14,31.99483,-116.63983,7.0,ci14025600
717,14025620,3.31,2004/01/28,14:18:42,37.5245,-118.82767,3.58,nc21338356
718,14026240,3.17,2004/01/30,17:21:17,31.764,-115.87183,7.0,ci14026240
719,14026336,3.29,2004/01/31,02:11:23,37.1035,-121.55183,0.22,nc21339029
720,14026464,3.11,2004/01/31,15:24:50,32.28483,-116.324,6.0,ci14026464
721,9981053,3.04,2004/02/06,21:15:01,35.74166,-121.31866,6.92,
722,9981381,3.01,2004/02/07,22:57:10,33.73317,-117.50767,7.09,ci9981381
723,9981769,3.33,2004/02/09,14:05:48,35.5325,-120.78733,0.03,nc21341475
724,9982525,3.47,2004/02/11,15:51:18,37.438,-118.6225,5.8,
725,9982749,3.66,2004/02/12,09:27:47,35.58967,-120.892,3.5,nc30227007
726,9983429,4.34,2004/02/14,12:43:11,35.0385,-119.1315,11.66,ci9983429
727,9983625,3.61,2004/02/15,02:52:23,35.58917,-120.885,1.24,nc21343245
728,9984141,3.4,2004/02/17,07:16:03,35.05533,-119.1075,14.34,usp000cmdb
729,9986257,3.08,2004/02/25,03:09:04,31.6135,-115.76367,0.04,ci9986257
730,9986489,3.58,2004/02/25,22:23:02,33.81633,-117.043,15.05,ci9986489
731,9986677,3.08,2004/02/27,07:37:18,34.057,-117.25833,10.52,ci9986677
732,9986693,3.59,2004/02/27,08:33:06,35.53433,-120.8215,0.18,nc21346462
733,9988573,3.18,2004/03/06,18:22:06,35.53417,-120.93283,7.01,nc21348241
734,9989421,3.64,2004/03/09,19:54:47,32.35483,-115.23933,6.0,ci9989421
735,9989549,3.3,2004/03/10,06:13:04,35.52433,-120.75684,0.11,nc21349262
736,9990069,3.98,2004/03/11,07:00:29,35.63633,-121.082,7.0,nc21349575
737,9990569,3.52,2004/03/13,14:14:17,35.64533,-120.917,6.6,nc21350186
738,9990637,3.59,2004/03/13,22:08:49,31.82667,-116.08383,0.22,ci9990637
739,9991197,3.51,2004/03/16,00:30:51,33.20333,-115.578,2.43,ci9991197
740,9991213,3.61,2004/03/16,00:33:33,33.20033,-115.58267,2.32,ci9991197
741,9991253,3.33,2004/03/16,00:56:00,33.19867,-115.56883,1.07,ci9991197
742,9991425,4.32,2004/03/16,06:38:32,36.67633,-121.50584,7.38,
743,9992053,5.03,2004/03/17,23:53:05,35.87583,-121.1795,9.11,
744,9992165,3.44,2004/03/18,10:26:58,35.55783,-120.77767,11.54,
745,14039128,3.49,2004/03/19,01:09:23,34.30833,-116.933,10.06,ci14039128
746,9992737,3.1,2004/03/20,04:55:37,33.51283,-116.57683,14.65,ci9992737
747,9992929,3.43,2004/03/20,21:48:26,35.621,-120.90583,6.8,nc21352348
748,9993013,3.08,2004/03/21,11:23:45,32.68567,-115.78967,7.06,ci9993013
749,9993369,3.32,2004/03/22,21:03:59,35.57967,-120.87583,2.83,nc21353068
750,9994217,3.16,2004/03/26,17:10:17,33.22317,-116.08083,13.89,ci9994217
751,9994573,3.82,2004/03/28,07:20:03,36.18017,-118.16167,7.73,ci9994573
752,14042308,3.11,2004/03/31,04:57:36,36.1795,-118.15883,5.6,ci14042308
753,9995929,3.3,2004/04/01,21:15:36,31.75117,-115.79017,1.27,ci9995929
754,9996317,3.17,2004/04/02,22:51:52,35.34733,-117.19317,5.63,ci9996317
755,9996681,3.02,2004/04/04,13:45:12,35.55433,-120.86417,3.45,nc21355631
756,9997137,3.29,2004/04/05,14:25:29,34.05017,-117.26133,12.36,ci9997137
757,9996961,3.42,2004/04/05,20:38:07,33.4245,-116.97383,11.0,ci9996961
758,9998037,3.2,2004/04/08,15:46:22,33.10083,-115.86567,11.86,ci9998037
759,9998701,3.13,2004/04/10,01:53:37,31.77333,-116.23783,6.0,ci9998701
760,10000605,3.35,2004/04/15,02:28:09,33.94283,-116.99417,16.76,ci10000605
761,10001661,3.01,2004/04/19,15:14:56,31.936,-115.68933,7.0,ci10001477
762,10001897,3.15,2004/04/20,12:41:27,33.55583,-118.36817,15.49,ci10001897
763,14049636,3.57,2004/04/26,05:58:08,35.54716,-121.2895,6.74,nc21360136
764,14049760,3.3,2004/04/26,19:14:01,37.7135,-121.84666,15.59,nc30227453
765,14049912,3.39,2004/04/27,07:12:07,38.05067,-118.81767,6.82,nc30227461
766,10004297,3.78,2004/04/29,17:23:50,31.68367,-116.01317,1.75,ci10004297
767,10004657,3.25,2004/04/30,18:17:18,33.974,-118.676,13.21,ci10004657
768,10004809,3.72,2004/05/01,02:52:59,35.53567,-120.8145,0.13,nc30227596
769,10005209,3.77,2004/05/02,13:22:00,35.51317,-120.80183,0.22,nc30227590
770,10005685,3.2,2004/05/04,17:25:13,35.6055,-120.87283,5.6,ci10005685
771,12161179,3.49,2004/05/04,17:25:29,36.47733,-121.28433,6.88,
772,10006857,4.4,2004/05/09,08:57:17,34.39467,-120.02233,4.42,ci10006857
773,10007797,3.22,2004/05/11,23:37:47,33.76117,-118.97683,6.0,ci10007797
774,10008241,3.05,2004/05/13,06:04:29,33.64633,-116.735,16.16,ci10008241
775,10009769,3.39,2004/05/17,21:41:12,35.54833,-120.85267,2.03,nc21364840
776,10013349,3.44,2004/05/27,18:15:40,35.61934,-120.90217,7.01,nc30500685
777,10014481,3.47,2004/05/31,01:41:06,35.7985,-121.2605,6.61,
778,10014793,3.06,2004/06/01,14:36:15,34.2955,-116.87767,5.54,ci10014793
779,14062108,3.12,2004/06/04,11:23:15,37.54,-118.82684,11.57,nc21368785
780,14062360,3.48,2004/06/05,02:46:53,35.55167,-121.254,7.01,nc21368984
781,14064140,3.09,2004/06/11,18:13:22,35.67367,-121.07633,7.0,nc21370238
782,14065544,5.27,2004/06/15,22:28:48,32.32867,-117.9175,10.0,ci14065544
783,14065620,3.56,2004/06/16,00:43:48,32.356,-117.81933,7.0,ci14065620
784,14066336,3.13,2004/06/17,01:09:36,35.96633,-117.9825,4.52,ci14066336
785,14066436,3.03,2004/06/17,06:44:45,32.329,-117.83967,10.0,ci14066436
786,14066852,3.03,2004/06/18,11:49:09,33.17983,-115.6045,3.65,ci14066852
787,14066992,3.18,2004/06/19,01:12:54,35.51817,-120.60517,11.48,nc21371575
788,10023841,3.71,2004/06/29,10:20:44,36.07283,-117.90017,5.29,ci10023841
789,10024373,3.13,2004/06/30,05:46:31,32.37267,-115.2605,6.0,ci10024373
790,10025617,3.44,2004/07/06,00:29:17,32.082,-115.33033,6.0,ci10025617
791,10025757,3.4,2004/07/06,16:05:45,34.06083,-118.85267,13.5,ci10025757
792,14072464,3.69,2004/07/09,04:43:46,32.50833,-115.74133,5.51,ci14072464
793,14072480,3.3,2004/07/09,05:02:50,32.53383,-115.74917,7.36,ci14072480
794,14072500,3.09,2004/07/09,06:30:05,32.52767,-115.753,3.72,ci14072480
795,14073780,3.96,2004/07/13,23:45:46,35.72833,-121.01867,1.5,nc21377965
796,14073800,4.02,2004/07/14,00:53:52,33.711,-116.05567,12.87,ci14073800
797,14073828,3.61,2004/07/14,02:45:29,35.7805,-121.263,6.65,
798,14074120,3.5,2004/07/15,01:43:23,35.31483,-119.4325,1.09,ci14074120
799,14074232,3.03,2004/07/15,12:20:54,33.3515,-116.37217,13.29,ci14074232
800,10029573,3.65,2004/07/20,05:09:37,32.25817,-115.13617,7.01,ci10029573
801,14076040,3.02,2004/07/20,22:59:43,32.3275,-115.14333,6.0,ci14076040
802,14076664,3.18,2004/07/22,15:01:13,32.35717,-115.25183,6.0,ci14076664
803,14077668,4.27,2004/07/24,12:55:20,34.3805,-119.436,3.61,ci14077668
804,14078640,3.76,2004/07/27,03:38:18,35.71433,-121.02417,5.63,nc21383395
805,14078696,3.27,2004/07/27,11:01:12,32.58433,-116.19183,0.01,ci14078696
806,14079184,3.78,2004/07/28,20:19:43,34.12867,-117.44833,6.41,ci14079184
807,14080152,3.05,2004/08/01,18:03:40,32.71583,-116.05583,8.07,ci14080152
808,14080428,3.55,2004/08/02,16:28:46,32.07533,-117.37767,6.0,ci14080428
809,10035657,4.15,2004/08/06,16:28:31,33.90283,-123.6235,6.0,
810,10036997,3.31,2004/08/10,14:17:18,37.439,-117.08517,5.6,nn00110161
811,10037165,3.04,2004/08/10,23:53:12,36.11234,-120.62984,19.61,
812,10037185,3.34,2004/08/11,01:24:05,37.41617,-117.094,3.14,nn00110161
813,10037245,3.49,2004/08/11,09:11:03,35.56233,-120.83,3.51,nc21387746
814,14085504,3.85,2004/08/16,07:39:01,35.66033,-120.95383,3.5,nc21389171
815,14086384,3.05,2004/08/20,12:59:44,35.6365,-120.74533,0.06,nc21390196
816,14086684,4.16,2004/08/22,01:25:12,32.34183,-115.22417,6.0,ci14086684
817,14086812,3.05,2004/08/23,00:19:32,34.13917,-119.18317,24.24,ci14086812
818,14086916,3.16,2004/08/23,13:22:13,34.67067,-116.35917,2.9,ci14086916
819,14087396,3.05,2004/08/26,02:58:42,32.306,-115.30717,7.0,ci14087396
820,14088052,4.61,2004/08/30,04:30:57,36.493,-121.3135,5.93,
821,14088072,4.8,2004/08/30,05:35:28,29.53,-116.56,6.0,
822,14088224,3.18,2004/08/30,20:51:37,34.42383,-117.682,7.27,ci14088224
823,14088272,3.17,2004/08/31,00:09:14,35.5995,-117.035,5.6,ci14088272
824,10043593,3.08,2004/09/09,02:12:12,32.205,-115.73533,7.01,ci10043593
825,10043713,3.67,2004/09/09,15:30:06,35.08783,-117.51733,5.64,ci10043713
826,10044217,3.11,2004/09/11,22:58:15,32.241,-115.334,7.01,ci10044217
827,12173023,3.06,2004/09/11,22:58:36,32.177,-115.33467,7.0,ci10044217
828,10044373,3.35,2004/09/12,20:28:25,32.2495,-115.32833,7.01,ci10044217
829,10044661,3.11,2004/09/14,14:41:17,36.086,-117.86083,2.59,ci10044661
830,14090880,3.13,2004/09/15,01:46:05,36.085,-117.85633,1.89,ci10044661
831,14091288,3.63,2004/09/16,13:29:31,34.1215,-116.403,8.14,ci14091288
832,14091644,3.5,2004/09/18,07:07:11,37.984,-118.667,7.54,nc30506171
833,14091768,3.23,2004/09/18,20:50:34,37.99217,-118.67883,3.79,nc30506171
834,14091776,3.07,2004/09/18,21:32:23,32.08133,-115.07933,7.01,ci14091776
835,14091792,5.49,2004/09/18,23:02:18,37.99733,-118.67967,6.07,nc21396205
836,14091796,3.23,2004/09/18,23:08:59,37.99133,-118.6745,5.28,nc30506171
837,14091860,3.33,2004/09/18,23:36:10,37.99117,-118.69283,1.34,nc30506171
838,14091872,3.09,2004/09/18,23:40:34,37.99483,-118.678,7.84,usp000d4hn
839,14091884,5.04,2004/09/18,23:43:48,37.571,-118.87984,7.03,
840,14091888,3.95,2004/09/18,23:47:59,38.02217,-118.65567,6.09,nc21396039
841,14091912,3.05,2004/09/19,00:02:23,37.67733,-118.84433,0.0,
842,14091932,3.13,2004/09/19,00:07:38,38.01183,-118.63934,7.76,usp000d4hn
843,14092064,3.13,2004/09/19,01:27:20,37.19517,-118.602,0.06,
844,14092168,3.27,2004/09/19,03:16:09,37.98034,-118.6755,5.6,nc30506171
845,14092240,3.42,2004/09/19,04:51:31,37.98917,-118.66183,4.57,nc30506171
846,14092332,3.88,2004/09/19,06:58:05,37.98967,-118.674,8.15,nc21396039
847,14092496,3.03,2004/09/19,13:29:47,37.98417,-118.68017,5.64,nc21396185
848,14092888,3.06,2004/09/20,11:19:55,37.97667,-118.66433,4.5,nn00113317
849,14092988,4.72,2004/09/20,16:51:05,38.01534,-118.64633,0.0,nc21397068
850,10047061,3.52,2004/09/21,05:51:43,37.9765,-118.7105,7.73,nc21397331
851,10047109,3.42,2004/09/21,08:25:12,37.996,-118.65017,8.32,nc21397331
852,10047501,3.32,2004/09/22,09:29:25,37.97117,-118.6595,3.61,nc21397563
853,10047697,3.12,2004/09/22,23:39:29,38.023,-118.68233,7.95,nc21397563
854,10048073,3.37,2004/09/24,00:07:03,37.98183,-118.7015,0.09,nc21398467
855,10048137,3.12,2004/09/24,06:28:44,31.881,-115.74267,6.0,ci10048137
856,10048277,3.18,2004/09/24,17:27:03,37.99967,-118.67533,3.95,nc21398467
857,14094528,3.65,2004/09/26,15:54:06,36.117,-120.71367,0.0,nc21399972
858,14094588,3.5,2004/09/27,02:00:07,36.13683,-120.66517,0.11,nc21399972
859,14094992,6.0,2004/09/28,17:15:25,35.81183,-120.3785,5.51,nc30228270
860,14094996,4.91,2004/09/28,17:24:15,35.79667,-120.35983,0.02,nc21400461
861,14095000,3.23,2004/09/28,17:29:45,35.6095,-120.3535,0.22,
862,14095004,3.75,2004/09/28,17:33:56,35.798,-120.36633,0.03,nc21400462
863,14095008,3.84,2004/09/28,17:35:19,35.896,-120.49284,1.4,nc21400459
864,14095076,3.1,2004/09/28,19:23:39,35.81983,-120.40383,0.03,nc30506245
865,14095080,4.31,2004/09/28,19:31:28,35.82733,-120.39817,0.11,nc30228271
866,14095096,3.03,2004/09/28,19:59:27,35.99583,-120.4835,14.48,nc21400460
867,14095240,3.39,2004/09/29,01:53:35,35.9165,-120.472,2.24,nc30506245
868,14095340,3.36,2004/09/29,06:27:19,37.9535,-118.655,0.05,nc21401955
869,14095540,5.0,2004/09/29,17:10:05,35.8855,-120.50584,0.04,nc21401069
870,14095628,5.04,2004/09/29,22:54:54,35.38983,-118.6235,3.55,ci14095628
871,14095884,3.52,2004/09/30,05:02:28,35.89667,-120.50684,0.02,nc21401221
872,14096196,5.01,2004/09/30,18:54:30,35.91183,-120.53333,2.24,nc21401170
873,14096464,3.08,2004/10/01,14:12:26,38.02217,-118.641,6.0,nc21401640
874,14096544,3.87,2004/10/01,19:22:19,37.42117,-117.04833,6.0,nn00115656
875,14096572,3.4,2004/10/01,20:43:20,35.87333,-120.41967,9.55,nc21401909
876,14096672,3.06,2004/10/02,07:04:27,35.78683,-120.36134,2.82,nc21402406
877,14096736,4.28,2004/10/02,12:22:09,35.5555,-120.8155,1.65,nc21402583
878,14096816,3.03,2004/10/02,22:12:41,35.88933,-120.49017,0.04,nc21402566
879,14096876,3.1,2004/10/03,00:32:16,33.23267,-115.69967,3.27,ci14096876
880,14098412,4.4,2004/10/09,03:45:49,37.96366,-118.6535,7.87,nc21405798
881,14098488,3.28,2004/10/09,06:39:10,36.04533,-117.81167,0.49,ci14098488
882,14098588,3.13,2004/10/09,12:02:44,34.83017,-118.3505,6.74,ci14098588
883,14098796,3.37,2004/10/10,14:03:23,37.94517,-118.659,5.66,nn00141404
884,14098816,3.03,2004/10/10,18:58:26,36.0815,-117.991,5.3,ci14098816
885,14098884,3.19,2004/10/10,23:20:45,37.95183,-118.66483,0.06,nc21406478
886,10053553,3.18,2004/10/13,08:34:18,38.024,-118.675,4.9,nc21407799
887,10053633,3.4,2004/10/13,21:46:38,35.9005,-120.3945,13.55,
888,10054037,3.33,2004/10/16,05:05:36,34.45433,-119.11683,26.93,ci10054037
889,10054229,3.15,2004/10/17,11:35:11,35.57667,-120.88966,0.02,nc21410947
890,10054265,3.14,2004/10/17,15:55:56,32.16117,-115.058,6.0,ci10054265
891,10054541,3.23,2004/10/19,02:12:09,33.50033,-116.51133,14.57,ci10054541
892,10054585,3.26,2004/10/19,06:11:50,38.01,-118.63617,7.0,nc21411486
893,10054913,3.83,2004/10/20,11:35:16,38.0115,-118.60633,5.03,nn00117550
894,10054917,3.48,2004/10/20,12:03:12,38.0315,-118.59233,5.61,nn00117551
895,10055749,3.44,2004/10/24,13:20:33,37.99333,-118.62817,0.12,nc21413992
896,10056345,3.79,2004/10/27,21:41:17,34.3435,-116.918,5.08,ci10056345
897,10056673,3.28,2004/10/29,03:32:44,35.75367,-120.34566,0.11,nc21415362
898,10057357,3.2,2004/11/01,14:49:49,34.7255,-116.04967,2.1,ci10057357
899,10058857,3.55,2004/11/09,03:34:33,31.01283,-115.218,1.23,ci10058857
900,10058877,3.65,2004/11/09,06:44:05,35.03333,-116.9125,4.75,ci10058877
901,10059245,3.68,2004/11/11,10:50:48,34.72317,-116.04983,2.25,ci10059245
902,10059745,4.19,2004/11/13,17:39:17,34.3535,-116.84467,9.64,ci10059745
903,10059797,3.17,2004/11/13,23:14:06,35.90217,-120.5345,6.89,nc21419513
904,10060521,3.14,2004/11/16,09:34:05,35.7725,-120.358,0.04,nc21420094
905,10061489,3.68,2004/11/19,02:56:01,35.86483,-120.424,6.96,nc21420919
906,10062237,3.48,2004/11/22,14:10:42,35.89,-120.49384,0.22,nc21421800
907,10062569,4.34,2004/11/24,02:06:06,36.6795,-121.29867,2.74,nc21422178
908,10062597,3.89,2004/11/24,05:23:43,36.76667,-121.34534,3.04,
909,10062997,3.48,2004/11/26,15:00:01,31.71267,-116.04517,0.11,ci10062997
910,10063121,3.12,2004/11/27,05:19:41,35.89267,-120.48333,0.09,nc21423126
911,10063241,3.44,2004/11/28,05:02:39,38.00834,-118.57833,5.14,nn00120347
912,10063349,4.59,2004/11/29,01:54:14,35.99583,-120.5145,9.16,
913,10064589,3.32,2004/12/04,05:39:36,35.888,-120.48634,0.09,nc21424965
914,10064737,3.12,2004/12/05,00:06:03,34.695,-116.36983,2.92,ci10064737
915,10064921,3.42,2004/12/06,06:08:42,32.18017,-116.1265,5.65,ci10064921
916,10065241,3.52,2004/12/07,20:54:45,34.27133,-119.684,0.15,ci10065241
917,10066021,3.27,2004/12/10,10:49:30,32.16,-115.85517,6.0,ci10066021
918,10066389,3.71,2004/12/12,05:05:53,34.15017,-116.98167,11.51,ci10066389
919,10066569,3.02,2004/12/13,03:27:25,32.1685,-115.85217,11.26,ci10066569
920,10067177,3.94,2004/12/15,04:16:54,36.71967,-121.30983,0.07,nc21427412
921,10067405,3.64,2004/12/16,11:37:51,33.86867,-118.73417,0.02,ci10067405
922,10069349,3.07,2004/12/24,03:14:49,32.09383,-116.4285,6.0,ci10069349
923,10069673,3.74,2004/12/26,03:56:28,37.9515,-118.65916,0.03,nc21430088
924,10070381,3.28,2004/12/30,01:37:45,37.254,-119.3475,7.01,nc21430897
925,10070917,3.99,2005/01/02,20:58:48,32.34633,-115.22283,6.0,ci10070917
926,10071173,3.12,2005/01/04,08:49:25,34.11733,-117.4415,4.47,ci10071173
927,14116920,3.56,2005/01/06,12:11:30,34.11833,-117.43733,4.65,ci14116920
928,14116960,3.3,2005/01/06,14:22:39,34.1135,-117.43483,4.52,ci14116920
929,14116972,4.42,2005/01/06,14:35:28,34.125,-117.43867,4.15,ci14116972
930,14117040,3.41,2005/01/06,18:44:13,32.16167,-115.8495,5.46,ci14117040
931,14117680,3.02,2005/01/09,23:52:36,32.32417,-115.31867,7.0,ci14117680
932,14117728,3.03,2005/01/10,12:13:13,38.00633,-118.71584,0.05,nc21432823
933,14118096,4.26,2005/01/12,08:10:46,33.95267,-116.39533,7.59,ci14118096
934,14118328,3.23,2005/01/13,09:07:36,32.06967,-114.994,6.0,ci14118328
935,14118436,3.08,2005/01/13,17:20:47,31.567,-115.63733,15.09,ci14118436
936,14118704,3.51,2005/01/14,18:01:24,31.949,-116.21067,17.92,ci14118704
937,14121696,3.13,2005/01/27,14:16:07,35.56833,-120.77517,0.03,nc21436014
938,14121976,3.9,2005/01/28,13:03:27,36.07133,-119.981,0.03,nc21436234
939,14122508,3.32,2005/01/31,14:54:19,32.13017,-117.62433,7.01,ci14122508
940,14123056,4.05,2005/02/02,13:17:40,31.9385,-116.223,6.94,ci14123056
941,10077969,3.15,2005/02/03,04:52:21,34.15817,-117.426,10.36,ci10077969
942,10078417,3.04,2005/02/04,10:00:53,31.73933,-116.006,6.0,ci10078417
943,10079521,3.03,2005/02/08,17:35:32,35.11517,-116.9975,4.33,ci10079521
944,10079609,3.52,2005/02/08,22:00:50,35.89633,-120.506,0.09,nc21438324
945,10081013,3.44,2005/02/15,22:20:52,34.80183,-116.25983,7.32,ci10081013
946,10081017,4.21,2005/02/15,22:23:27,31.64833,-115.9715,3.85,ci10081017
947,10081529,3.31,2005/02/18,22:08:41,38.21617,-118.19217,16.04,
948,10081625,3.19,2005/02/19,10:17:20,38.0275,-118.59033,0.08,
949,10081797,3.33,2005/02/20,10:00:17,37.47567,-118.85883,6.31,nc21440773
950,9108645,7.1,1999/10/16,10:04:53,34.63,-116.3,23.59,ci9108652
